{"cameraMode":{"drawMode":0,"name":"Shaded","section":"Shading Mode"},"sceneLighting":true,"audioPlay":false,"sceneViewState":{"showFog":true,"showMaterialUpdate":false,"showSkybox":true,"showFlares":true,"showImageEffects":true,"showParticleSystems":true},"in2DMode":false,"pivot":{"x":-0.6553741693496704,"y":1.1613900661468506,"z":-0.29276490211486819},"rotation":{"x":-0.08176058530807495,"y":0.9146385192871094,"z":-0.2343345284461975,"w":-0.3191221356391907},"size":2.745234251022339,"orthographic":false}