{"cameraMode":{"drawMode":0,"name":"Shaded","section":"Shading Mode"},"sceneLighting":true,"audioPlay":false,"sceneViewState":{"showFog":true,"showMaterialUpdate":false,"showSkybox":true,"showFlares":true,"showImageEffects":true,"showParticleSystems":true},"in2DMode":false,"pivot":{"x":-0.00045984983444213867,"y":1.15946626663208,"z":0.17071187496185304},"rotation":{"x":-0.04186820983886719,"y":0.9579848051071167,"z":-0.20901191234588624,"w":-0.19190166890621186},"size":4.666564464569092,"orthographic":false}